{
  "wildlife": [
    {
      "title": "The Secret Life of Bees",
      "description": "Did you know that bees have a complex social structure within their hives, complete with roles for scouts, nurses, guards, and foragers?"
    },
    {
      "title": "The Mighty Elephant",
      "description": "Elephants are not only the largest land animals but also possess incredible intelligence, emotional depth, and strong familial bonds."
    },
    {
      "title": "The Mysterious World of Deep-Sea Creatures",
      "description": "In the darkest depths of the ocean, strange and wondrous creatures thrive, some of which emit their own light through bioluminescence."
    },
    {
      "title": "The Enigma of Migration",
      "description": "Migration patterns of birds, whales, and other animals continue to baffle scientists as they embark on incredible journeys across vast distances."
    },
    {
      "title": "The Intricate Dance of the Honeybee",
      "description": "Honeybees communicate through intricate dances, conveying precise information about the location of nectar sources to their hive mates."
    },
    {
      "title": "The Evolutionary Arms Race",
      "description": "In the wild, species engage in an ongoing evolutionary arms race, constantly adapting to outwit predators or catch prey."
    },
    {
      "title": "The Colorful World of Coral Reefs",
      "description": "Coral reefs are bustling underwater cities, teeming with a kaleidoscope of vibrant fish, intricate corals, and other fascinating marine life."
    },
    {
      "title": "The Wisdom of Wolves",
      "description": "Wolves are highly intelligent creatures with complex social structures, demonstrating teamwork and strategic hunting tactics."
    },
    {
      "title": "The Camouflage Masters",
      "description": "From chameleons blending seamlessly into their surroundings to the leaf-tailed geckos mimicking foliage, nature's camouflage masters are truly remarkable."
    },
    {
      "title": "The Songs of the Forest",
      "description": "Birds fill the forest with a symphony of melodies, each species contributing its unique song to the tapestry of sound."
    },
    {
      "title": "The Graceful Dance of the Monarch Butterfly",
      "description": "The annual migration of the monarch butterfly is a marvel of nature, with millions of butterflies traveling thousands of miles to overwinter in warmer climates."
    },
    {
      "title": "The Majestic Tiger",
      "description": "Tigers are not only powerful predators but also symbols of strength and beauty, yet they face threats such as habitat loss and poaching."
    },
    {
      "title": "The Resilience of the Phoenix Palm",
      "description": "Despite harsh desert conditions, the Phoenix palm survives and thrives, providing shelter and sustenance for a variety of desert creatures."
    },
    {
      "title": "The Curious Case of the Platypus",
      "description": "The platypus is one of nature's most unusual creatures, with a duck-like bill, webbed feet, and the ability to lay eggs, defying conventional categorization."
    },
    {
      "title": "The Harmony of the Great Barrier Reef",
      "description": "The Great Barrier Reef is a masterpiece of natural beauty and biodiversity, showcasing an intricate balance of marine life within its vibrant coral formations."
    },
    {
      "title": "The Night Symphony of Frogs",
      "description": "As night falls, frogs serenade the landscape with a cacophony of croaks, chirps, and trills, marking their territories and attracting mates."
    },
    {
      "title": "The Silent Hunters of the Savannah",
      "description": "Lions, with their stealthy movements and powerful roars, reign as the silent hunters of the savannah, embodying both grace and ferocity."
    },
    {
      "title": "The Stealthy Stalkers of the Arctic",
      "description": "Arctic foxes blend seamlessly into their snowy surroundings, using their keen senses and agility to hunt small mammals and birds in the harsh tundra."
    },
    {
      "title": "The Ancient Wisdom of Sea Turtles",
      "description": "Sea turtles have roamed the oceans for millions of years, navigating vast distances with remarkable precision and returning to the same beaches to lay their eggs."
    },
    {
      "title": "The Dance of the Bowerbird",
      "description": "Male bowerbirds create elaborate structures, or bowers, adorned with colorful objects to attract mates, showcasing their creativity and dedication to courtship."
    },
    {
      "title": "The Elegance of the Snow Leopard",
      "description": "Snow leopards, with their thick fur and long tails, are perfectly adapted to their mountainous habitats, embodying both strength and elegance."
    },
    {
      "title": "The Serene Serengeti Sunrise",
      "description": "As the sun rises over the Serengeti, it illuminates a landscape teeming with life, from grazing antelopes to prowling predators, in a scene of breathtaking beauty."
    },
    {
      "title": "The Ancient Guardians of the Redwoods",
      "description": "Giant sequoias, towering over the forests of California, stand as ancient guardians, their massive trunks bearing witness to centuries of natural history."
    },
    {
      "title": "The Secret Language of Whales",
      "description": "Whales communicate through a rich repertoire of vocalizations, from haunting songs to rhythmic clicks, allowing them to navigate, locate prey, and socialize."
    },
    {
      "title": "The Delicate Balance of the Amazon Rainforest",
      "description": "The Amazon rainforest, often called the 'lungs of the Earth,' sustains a delicate balance of plant and animal life, playing a crucial role in regulating the global climate."
    },
    {
      "title": "The Flamboyant Courtship of Birds of Paradise",
      "description": "Male birds of paradise perform elaborate mating displays, showcasing their vibrant plumage and intricate dances to win the favor of females in a spectacle of color and movement."
    },
    {
      "title": "The Playful Antics of Otters",
      "description": "Otters frolic and play in rivers and streams, sliding down muddy banks and engaging in mock fights, displaying their boundless energy and playful nature."
    },
    {
      "title": "The Endurance of the Arctic Tern",
      "description": "Arctic terns undertake the longest migration of any bird, traveling from the Arctic to the Antarctic and back each year, covering over 70,000 kilometers in their epic journey."
    },
    {
      "title": "The Architectural Marvels of Termite Mounds",
      "description": "Termite mounds are engineering marvels, with intricate ventilation systems, temperature regulation, and structural stability, providing homes for millions of termites."
    },
    {
      "title": "The Stealthy Prowl of the Jaguar",
      "description": "Jaguars, with their sleek coats and powerful jaws, silently stalk their prey through the dense rainforests of Central and South America."
    },

    {
      "title": "The Curious Case of the Narwhal",
      "description": "With its long, spiral tusk protruding from its head, the narwhal is often called the 'unicorn of the sea,' captivating scientists and storytellers alike."
    },
    {
      "title": "The Dazzling Diversity of Rainforest Frogs",
      "description": "Rainforests are home to an astonishing array of frog species, each uniquely adapted to its environment, showcasing vibrant colors and fascinating behaviors."
    },
    {
      "title": "The Agile Acrobat: Flying Squirrels",
      "description": "Flying squirrels defy gravity with their gliding abilities, soaring from tree to tree on skin flaps stretched between their limbs, mastering the art of aerial acrobatics."
    },
    {
      "title": "The Tiny Titans: Ants",
      "description": "Ant colonies are intricate societies, with specialized roles for workers, soldiers, and the queen, collectively demonstrating remarkable organization and cooperation."
    },
    {
      "title": "The Ancient Guardians of the Galápagos",
      "description": "Giant tortoises, endemic to the Galápagos Islands, have survived for millions of years, evolving unique traits and playing a vital role in shaping the island ecosystem."
    },
    {
      "title": "The Symbiotic Dance of Cleaner Fish",
      "description": "Cleaner fish provide a valuable service to larger marine species by removing parasites and dead skin, forming symbiotic relationships that benefit both parties."
    },
    {
      "title": "The Stealthy Stalkers: Praying Mantises",
      "description": "Praying mantises are ambush predators, blending seamlessly into their surroundings and striking with lightning speed to capture unsuspecting prey."
    },
    {
      "title": "The Elusive Ocelot",
      "description": "Ocelots, with their striking spotted coats and nocturnal habits, are rarely seen in the wild, blending into the shadows of the rainforest as they hunt under the cover of darkness."
    },
    {
      "title": "The Graceful Glide of Manta Rays",
      "description": "Manta rays move with elegance and grace through the ocean depths, their enormous wings allowing them to effortlessly glide through the water in search of plankton."
    },
    {
      "title": "The Whimsical World of Seahorses",
      "description": "Seahorses are among the most peculiar creatures of the sea, with their horse-like heads, prehensile tails, and unique courtship rituals that defy conventional norms."
    },
    {
      "title": "The Spectacular Courtship Displays of Peafowl",
      "description": "Male peafowl, or peacocks, dazzle females with their extravagant displays of iridescent plumage and elaborate dances, competing for the chance to win a mate."
    },
    {
      "title": "The Serene Solitude of Snowy Owls",
      "description": "Snowy owls, with their ghostly white plumage, embody the tranquility of the Arctic landscape, silently hunting rodents and birds amidst the vast expanses of snow."
    },
    {
      "title": "The Ingenious Architects: Weaver Ants",
      "description": "Weaver ants construct elaborate nests by weaving together leaves using silk produced by their larvae, creating sturdy structures that provide shelter and security for the colony."
    },
    {
      "title": "The Majestic Flight of Albatrosses",
      "description": "Albatrosses are masterful flyers, covering vast distances across the open ocean with effortless glides, their long wingspans allowing them to ride the wind for days on end."
    },
    {
      "title": "The Remarkable Resilience of the Kakapo",
      "description": "Kakapos, or night parrots, are rare flightless birds native to New Zealand, known for their gentle nature and distinctive owl-like appearance, facing threats from habitat loss and introduced predators."
    },
    {
      "title": "The Hypnotic Display of Bioluminescent Plankton",
      "description": "At night, bioluminescent plankton transform the ocean into a magical spectacle, emitting ethereal glows as they respond to disturbances in the water, captivating observers with their otherworldly beauty."
    },
    {
      "title": "The Intricate Web of Coral Reef Ecosystems",
      "description": "Coral reefs are biodiversity hotspots, supporting a myriad of marine life, from colorful fish and vibrant corals to microscopic organisms, forming intricate food webs that sustain ocean ecosystems."
    },
    {
      "title": "The Gentle Giants of the African Savanna: Giraffes",
      "description": "Giraffes, with their long necks and graceful movements, roam the African savanna in search of leaves and buds, embodying a sense of peaceful majesty amidst the wild landscape."
    },
    {
      "title": "The Luminous Lure of Fireflies",
      "description": "Fireflies illuminate the night with their enchanting bioluminescence, flashing unique patterns to attract mates, creating a magical ambiance in forests and fields."
    },
    {
      "title": "The Melodic Chirps of Crickets",
      "description": "Crickets serenade the night with their rhythmic chirping, using their wings to produce melodies that resonate through the air, signaling courtship and territorial boundaries."
    },
    {
      "title": "The Magnificent Mane of the Lion",
      "description": "A lion's mane is not only a symbol of strength and dominance but also serves a practical purpose, providing protection against rival males during territorial disputes and attracting potential mates."
    },
    {
      "title": "The Pristine Purity of Arctic Polar Bears",
      "description": "Polar bears, perfectly adapted to their icy habitat, embody the purity and resilience of the Arctic wilderness, relying on sea ice for hunting seals and raising their young."
    },
    {
      "title": "The Ethereal Elegance of Jellyfish",
      "description": "Jellyfish drift through the ocean currents with mesmerizing grace, their translucent bodies and delicate tentacles embodying an ethereal beauty that belies their predatory nature."
    },
    {
      "title": "The Silent Sentinels of the Red Panda",
      "description": "Red pandas, with their distinctive russet fur and bushy tails, inhabit the dense forests of the Himalayas, blending into the canopy as they forage for bamboo and fruit, silently observing their surroundings."
    },
    {
      "title": "The Playful Pursuit of Dolphins",
      "description": "Dolphins are playful and sociable creatures, engaging in acrobatic displays and synchronized swimming with their pod mates, forming strong bonds and communicating through a repertoire of clicks and whistles."
    },
    {
      "title": "The Regal Roar of the Bengal Tiger",
      "description": "The roar of a Bengal tiger echoes through the jungles of India and Bangladesh, signaling its dominance and territorial boundaries, instilling both fear and reverence in those who hear it."
    }
  ]
}
